Para-9,Para-10,Para-11,Para-12,Para-13
4.4,16.3,4.0,10.0,1.178
4.098999977111816,15.298999786376953,3.999000072479248,8.987000465393066,1.1440000534057617
0.301,1.001,0.001,1.013,0.034
