Para-9,Para-10,Para-11,Para-12,Para-13
0.0,276.2,34.0,6.0,1.792
0.0,261.7980041503906,33.999000549316406,6.0,1.7690000534057617
0.0,14.402,0.001,0.0,0.023
