Para-9,Para-10,Para-11,Para-12,Para-13
0.1,0.0,7.0,42.0,3.54
0.0,0.0,5.0,38.99800109863281,3.4489998817443848
0.1,0.0,2.0,3.002,0.091
