Para-9,Para-10,Para-11,Para-12,Para-13
0.0,131.6,10.0,17.0,1.604
0.0,125.39900207519531,9.99899959564209,14.99899959564209,1.5199999809265137
0.0,6.201,0.001,2.001,0.084
