Para-9,Para-10,Para-11,Para-12,Para-13
1.0,2.0,2.0,1.0,1.573
0.9990000128746033,0.9990000128746033,0.9990000128746033,1.0,1.562000036239624
0.001,1.001,1.001,0.0,0.011
