Para-9,Para-10,Para-11,Para-12,Para-13
5.4,210.5,48.0,6.0,1.206
4.89900016784668,206.5989990234375,46.99800109863281,5.999000072479248,1.1890000104904175
0.501,3.901,1.002,0.001,0.017
