Para-9,Para-10,Para-11,Para-12,Para-13
36.7,121.3,4.0,14.0,1.354
29.499000549316406,112.4990005493164,3.999000072479248,13.99899959564209,1.3020000457763672
7.201,8.801,0.001,0.001,0.052
