Para-9,Para-10,Para-11,Para-12,Para-13
78.5,0.0,0.0,16.0,1.432
75.39900207519531,0.0,0.0,13.99899959564209,1.4129999876022339
3.101,0.0,0.0,2.001,0.019
