Para-9,Para-10,Para-11,Para-12,Para-13
0.0,305.0,12.0,7.0,0.746
0.0,300.9989929199219,10.99899959564209,6.0,0.7329999804496765
0.0,4.001,1.001,1.0,0.013
