Para-9,Para-10,Para-11,Para-12,Para-13
0.7,1.3,5.0,3.0,1.09
0.49900001287460327,0.5989999771118164,1.9989999532699585,2.999000072479248,0.9160000085830688
0.201,0.701,3.001,0.001,0.174
