Para-9,Para-10,Para-11,Para-12,Para-13
5.7,169.6,12.0,8.0,1.492
4.39900016784668,153.39700317382812,10.99899959564209,7.999000072479248,1.4819999933242798
1.301,16.203,1.001,0.001,0.01
