Para-9,Para-10,Para-11,Para-12,Para-13
0.0,2.3,3.0,6.0,2.534
0.0,0.0,1.9989999532699585,5.999000072479248,2.5239999294281006
0.0,2.3,1.001,0.001,0.01
