Para-9,Para-10,Para-11,Para-12,Para-13
0.0,0.0,0.0,7.0,0.692
0.0,0.0,0.0,6.999000072479248,0.6800000071525574
0.0,0.0,0.0,0.001,0.012
