Para-9,Para-10,Para-11,Para-12,Para-13
42.5,107.6,0.0,8.0,0.998
0.0,72.5989990234375,0.0,7.999000072479248,0.9850000143051147
42.5,35.001,0.0,0.001,0.013
